SAMPLE_ID	PATHOGENIC_BURDEN	BENIGN_BURDEN
HG00096	7	273
HG00097	2	251
HG00099	5	265
HG00100	4	249
HG00101	1	251
HG00102	7	280
HG00103	6	253
HG00105	4	250
HG00106	7	241
HG00107	2	277
HG00108	9	287
HG00109	4	276
HG00110	9	257
HG00111	7	249
HG00112	4	264
HG00113	5	230
HG00114	6	251
HG00115	6	276
HG00116	7	229
HG00117	5	249
HG00118	5	228
HG00119	2	252
HG00120	7	247
HG00121	8	279
HG00122	6	296
HG00123	5	271
HG00125	3	249
HG00126	1	270
HG00127	5	293
HG00128	5	284
HG00129	5	279
HG00130	3	254
HG00131	4	254
HG00132	3	267
HG00133	3	252
HG00136	7	263
HG00137	3	253
HG00138	7	267
HG00139	4	243
HG00140	3	256
HG00141	4	261
HG00142	5	288
HG00143	7	260
HG00145	4	222
HG00146	5	271
HG00148	6	282
HG00149	8	262
HG00150	4	273
HG00151	6	264
HG00154	5	291
HG00155	3	259
HG00157	2	251
HG00158	4	252
HG00159	7	265
HG00160	3	237
HG00171	3	261
HG00173	7	245
HG00174	7	248
HG00176	7	267
HG00177	6	244
HG00178	6	271
HG00179	6	256
HG00180	8	239
HG00181	1	296
HG00182	2	306
HG00183	6	240
HG00185	6	227
HG00186	7	276
HG00187	6	258
HG00188	3	235
HG00189	2	273
HG00190	3	284
HG00231	4	260
HG00232	6	276
HG00233	5	276
HG00234	4	272
HG00235	5	262
HG00236	2	272
HG00237	7	273
HG00238	6	272
HG00239	4	263
HG00240	6	272
HG00242	7	258
HG00243	3	213
HG00244	7	259
HG00245	5	252
HG00246	4	244
HG00250	5	282
HG00251	4	233
HG00252	4	251
HG00253	5	289
HG00254	4	232
HG00255	7	279
HG00256	8	257
HG00257	1	260
HG00258	2	263
HG00259	5	255
HG00260	6	279
HG00261	4	263
HG00262	8	275
HG00263	1	268
HG00264	2	257
HG00265	7	265
HG00266	8	280
HG00267	8	274
HG00268	2	232
HG00269	2	243
HG00271	5	261
HG00272	2	271
HG00273	6	226
HG00274	6	279
HG00275	3	244
HG00276	4	305
HG00277	5	258
HG00278	6	240
HG00280	3	272
HG00281	10	253
HG00282	3	279
HG00284	2	249
HG00285	7	293
HG00288	8	252
HG00290	5	259
HG00304	7	273
HG00306	5	276
HG00308	10	233
HG00309	9	275
HG00310	5	271
HG00311	7	265
HG00313	4	257
HG00315	6	252
HG00318	8	273
HG00319	3	243
HG00320	8	256
HG00321	6	264
HG00323	8	270
HG00324	5	258
HG00325	3	286
HG00326	8	264
HG00327	4	292
HG00328	6	267
HG00329	6	265
HG00330	6	246
HG00331	4	244
HG00332	8	257
HG00334	8	256
HG00335	6	242
HG00336	7	265
HG00337	6	286
HG00338	6	263
HG00339	7	256
HG00341	7	262
HG00342	2	237
HG00343	6	268
HG00344	4	284
HG00345	2	241
HG00346	5	238
HG00349	3	275
HG00350	5	257
HG00351	7	281
HG00353	2	294
HG00355	4	260
HG00356	6	292
HG00357	6	238
HG00358	4	277
HG00360	7	254
HG00361	3	269
HG00362	5	227
HG00364	3	263
HG00365	9	259
HG00366	5	259
HG00367	7	233
HG00368	10	257
HG00369	2	247
HG00371	5	251
HG00372	5	252
HG00373	5	256
HG00375	2	237
HG00376	4	255
HG00378	5	243
HG00379	4	261
HG00380	4	268
HG00381	3	252
HG00382	4	254
HG00383	4	275
HG00384	7	244
HG00403	7	273
HG00404	9	301
HG00405	9	269
HG00406	5	318
HG00407	7	275
HG00408	9	311
HG00409	5	287
HG00410	6	268
HG00418	9	264
HG00419	9	274
HG00420	7	280
HG00421	6	264
HG00422	6	282
HG00423	8	288
HG00427	10	282
HG00428	5	276
HG00429	10	285
HG00436	8	280
HG00437	7	278
HG00438	9	282
HG00442	9	259
HG00443	8	269
HG00444	8	257
HG00445	7	270
HG00446	8	289
HG00447	6	290
HG00448	4	241
HG00449	8	273
HG00450	6	269
HG00451	10	276
HG00452	8	266
HG00453	8	287
HG00457	10	276
HG00458	11	280
HG00459	13	296
HG00463	7	286
HG00464	6	295
HG00465	6	275
HG00472	7	260
HG00473	7	265
HG00474	7	280
HG00475	5	255
HG00476	8	260
HG00477	5	268
HG00478	4	288
HG00479	6	281
HG00480	5	287
HG00500	7	261
HG00501	5	290
HG00502	4	279
HG00512	5	293
HG00513	11	284
HG00514	9	275
HG00524	7	286
HG00525	7	257
HG00526	8	276
HG00530	7	264
HG00531	9	269
HG00532	9	276
HG00533	7	271
HG00534	6	262
HG00535	7	254
HG00536	7	295
HG00537	6	268
HG00538	5	303
HG00542	9	260
HG00543	3	259
HG00544	6	259
HG00551	4	278
HG00552	6	289
HG00553	4	332
HG00554	4	278
HG00555	3	327
HG00556	10	280
HG00557	6	259
HG00558	9	265
HG00559	7	279
HG00560	8	273
HG00561	10	285
HG00565	5	283
HG00566	6	249
HG00567	6	268
HG00577	5	285
HG00578	5	281
HG00579	5	290
HG00580	8	272
HG00581	5	282
HG00582	8	276
HG00583	5	271
HG00584	5	276
HG00585	3	267
HG00589	6	280
HG00590	6	235
HG00591	8	255
HG00592	9	249
HG00593	8	275
HG00594	7	268
HG00595	6	257
HG00596	9	262
HG00597	7	263
HG00598	6	267
HG00599	7	268
HG00607	7	273
HG00608	7	268
HG00609	10	274
HG00610	11	268
HG00611	4	257
HG00612	8	274
HG00613	9	282
HG00614	5	265
HG00615	7	273
HG00619	7	269
HG00620	7	272
HG00621	6	269
HG00622	8	257
HG00623	7	294
HG00625	10	269
HG00626	7	279
HG00627	10	275
HG00628	8	259
HG00629	6	280
HG00630	9	258
HG00631	8	280
HG00632	5	276
HG00634	5	274
HG00635	4	289
HG00636	7	263
HG00637	6	271
HG00638	6	273
HG00639	9	286
HG00640	8	242
HG00641	2	282
HG00642	7	262
HG00650	11	259
HG00651	6	286
HG00652	8	274
HG00653	6	288
HG00654	7	267
HG00655	5	287
HG00656	5	284
HG00657	5	244
HG00658	6	256
HG00662	8	255
HG00663	7	248
HG00664	6	266
HG00671	4	281
HG00672	6	269
HG00673	6	288
HG00674	4	264
HG00675	3	279
HG00683	7	277
HG00684	7	260
HG00685	8	262
HG00689	10	271
HG00690	6	246
HG00691	9	252
HG00692	8	279
HG00693	6	295
HG00694	7	299
HG00698	7	296
HG00699	6	300
HG00700	6	290
HG00701	3	270
HG00702	4	257
HG00703	3	264
HG00704	11	291
HG00705	6	261
HG00706	10	280
HG00707	7	277
HG00708	8	287
HG00709	9	273
HG00717	7	268
HG00728	6	276
HG00729	8	267
HG00731	4	283
HG00732	3	281
HG00733	5	267
HG00734	4	269
HG00735	2	255
HG00736	6	289
HG00737	4	286
HG00738	5	276
HG00739	6	245
HG00740	7	274
HG00741	6	256
HG00742	4	256
HG00743	3	270
HG00759	6	293
HG00766	6	291
HG00844	9	273
HG00851	7	276
HG00864	5	282
HG00867	4	286
HG00879	7	257
HG00881	9	281
HG00956	5	312
HG00978	6	264
HG00982	6	249
HG01028	10	276
HG01029	5	268
HG01031	6	275
HG01046	6	294
HG01047	3	248
HG01048	3	268
HG01049	4	302
HG01050	5	294
HG01051	4	239
HG01052	6	306
HG01053	5	284
HG01054	6	270
HG01055	5	307
HG01056	9	300
HG01058	7	253
HG01060	7	273
HG01061	5	271
HG01062	6	278
HG01063	6	306
HG01064	5	266
HG01066	2	285
HG01067	3	274
HG01068	3	276
HG01069	3	267
HG01070	2	295
HG01071	1	276
HG01072	6	287
HG01073	5	265
HG01074	6	263
HG01075	6	294
HG01077	4	277
HG01079	4	277
HG01080	3	259
HG01081	3	271
HG01082	7	287
HG01083	5	310
HG01084	5	296
HG01085	12	261
HG01086	5	268
HG01087	9	260
HG01088	9	313
HG01089	6	266
HG01092	9	310
HG01094	8	255
HG01095	5	267
HG01096	9	259
HG01097	6	288
HG01098	4	247
HG01099	6	275
HG01100	4	309
HG01101	5	323
HG01102	7	300
HG01103	7	334
HG01104	6	276
HG01105	6	284
HG01106	7	285
HG01107	7	276
HG01108	4	376
HG01109	6	309
HG01110	6	279
HG01111	7	256
HG01112	5	252
HG01113	8	285
HG01114	8	272
HG01119	7	260
HG01121	6	270
HG01122	5	282
HG01124	4	274
HG01125	4	245
HG01126	3	250
HG01130	4	237
HG01131	5	290
HG01133	3	258
HG01134	4	230
HG01135	4	240
HG01136	6	293
HG01137	5	325
HG01138	4	294
HG01139	5	299
HG01140	4	259
HG01141	5	297
HG01142	7	261
HG01148	5	254
HG01149	9	294
HG01150	5	271
HG01161	5	303
HG01162	3	283
HG01164	4	277
HG01167	6	282
HG01168	3	249
HG01169	5	274
HG01170	9	276
HG01171	4	224
HG01172	6	237
HG01173	7	273
HG01174	6	258
HG01175	4	258
HG01176	6	261
HG01177	4	233
HG01178	3	234
HG01182	4	296
HG01183	6	308
HG01184	7	299
HG01187	1	251
HG01188	8	281
HG01189	4	249
HG01190	8	288
HG01191	5	301
HG01192	6	284
HG01197	6	261
HG01198	2	288
HG01199	5	252
HG01200	1	291
HG01204	4	251
HG01205	4	266
HG01206	3	247
HG01241	7	316
HG01242	7	343
HG01243	6	336
HG01247	3	296
HG01248	6	294
HG01249	6	271
HG01250	9	277
HG01251	6	248
HG01252	5	259
HG01253	6	296
HG01254	5	276
HG01255	5	280
HG01256	5	268
HG01257	7	291
HG01258	7	282
HG01259	8	295
HG01260	11	285
HG01261	10	294
HG01269	5	270
HG01271	4	293
HG01272	8	318
HG01273	6	284
HG01274	7	279
HG01275	2	257
HG01276	5	277
HG01277	2	274
HG01278	3	264
HG01279	2	275
HG01280	6	273
HG01281	3	279
HG01284	4	240
HG01286	5	318
HG01302	2	245
HG01303	4	268
HG01305	6	305
HG01308	4	280
HG01311	5	274
HG01312	7	289
HG01323	4	285
HG01325	4	309
HG01326	3	282
HG01334	4	273
HG01341	3	270
HG01342	8	296
HG01343	8	294
HG01344	7	285
HG01345	9	256
HG01346	10	262
HG01347	8	269
HG01348	9	272
HG01349	10	279
HG01350	5	273
HG01351	11	296
HG01352	7	294
HG01353	2	249
HG01354	7	263
HG01355	6	253
HG01356	8	269
HG01357	6	278
HG01358	7	262
HG01359	4	255
HG01360	5	260
HG01361	5	237
HG01362	7	273
HG01363	10	292
HG01365	7	254
HG01366	2	270
HG01367	4	268
HG01369	3	272
HG01372	6	258
HG01374	8	288
HG01375	5	284
HG01376	7	288
HG01377	4	296
HG01378	2	279
HG01379	4	274
HG01383	5	276
HG01384	0	270
HG01385	3	232
HG01389	4	247
HG01390	3	270
HG01391	4	225
HG01392	3	300
HG01393	5	249
HG01395	8	243
HG01396	4	288
HG01398	3	271
HG01402	4	288
HG01403	4	299
HG01405	6	298
HG01412	3	291
HG01413	9	281
HG01414	2	288
HG01431	5	276
HG01432	3	282
HG01433	6	314
HG01435	6	260
HG01437	5	271
HG01438	3	258
HG01439	6	268
HG01440	6	274
HG01441	5	271
HG01443	4	263
HG01444	6	293
HG01447	4	274
HG01455	3	271
HG01456	3	272
HG01457	2	270
HG01459	5	248
HG01461	7	282
HG01462	4	257
HG01463	4	277
HG01464	6	333
HG01465	6	265
HG01466	6	279
HG01468	5	253
HG01474	2	257
HG01479	9	297
HG01485	7	292
HG01486	4	281
HG01488	4	266
HG01489	3	263
HG01490	3	268
HG01491	6	269
HG01492	4	260
HG01493	3	295
HG01494	6	288
HG01495	6	287
HG01496	6	285
HG01497	6	275
HG01498	7	254
HG01499	7	268
HG01500	7	272
HG01501	9	285
HG01502	9	285
HG01503	4	272
HG01504	8	242
HG01505	6	257
HG01506	6	277
HG01507	8	260
HG01508	8	249
HG01509	4	248
HG01510	6	279
HG01511	4	268
HG01512	2	243
HG01513	5	260
HG01514	3	244
HG01515	5	251
HG01516	4	252
HG01517	5	239
HG01518	8	241
HG01519	6	255
HG01520	8	269
HG01521	10	288
HG01522	4	285
HG01523	8	281
HG01524	2	257
HG01525	4	295
HG01526	2	279
HG01527	4	287
HG01528	4	253
HG01529	3	280
HG01530	6	253
HG01531	4	247
HG01532	4	250
HG01536	4	256
HG01537	3	259
HG01538	3	276
HG01550	8	251
HG01551	5	293
HG01552	5	293
HG01556	5	298
HG01565	4	247
HG01566	7	245
HG01567	6	247
HG01571	5	244
HG01572	8	268
HG01573	7	259
HG01577	7	283
HG01578	5	278
HG01579	7	292
HG01583	3	281
HG01586	6	292
HG01589	10	314
HG01593	4	287
HG01595	6	254
HG01596	3	266
HG01597	9	283
HG01598	7	249
HG01599	8	253
HG01600	8	279
HG01601	3	278
HG01602	3	269
HG01603	5	283
HG01604	6	274
HG01605	5	264
HG01606	3	265
HG01607	6	270
HG01608	3	275
HG01609	4	258
HG01610	6	233
HG01611	5	254
HG01612	3	260
HG01613	4	262
HG01614	4	282
HG01615	3	283
HG01616	5	254
HG01617	4	283
HG01618	5	271
HG01619	4	274
HG01620	2	268
HG01621	4	236
HG01622	7	272
HG01623	4	269
HG01624	4	308
HG01625	7	290
HG01626	6	267
HG01627	5	263
HG01628	11	308
HG01629	9	295
HG01630	6	267
HG01631	7	245
HG01632	8	249
HG01633	9	250
HG01667	3	287
HG01668	5	267
HG01669	4	271
HG01670	5	283
HG01671	7	284
HG01672	6	272
HG01673	6	278
HG01674	7	261
HG01675	6	259
HG01676	4	248
HG01677	5	266
HG01678	3	278
HG01679	6	268
HG01680	5	273
HG01681	8	287
HG01682	4	259
HG01683	3	273
HG01684	4	259
HG01685	7	307
HG01686	4	271
HG01687	5	304
HG01694	5	241
HG01695	5	252
HG01696	7	246
HG01697	2	233
HG01698	3	216
HG01699	4	247
HG01700	8	261
HG01701	9	272
HG01702	6	287
HG01703	12	267
HG01704	8	279
HG01705	7	271
HG01706	7	283
HG01707	4	281
HG01708	8	258
HG01709	6	323
HG01710	8	251
HG01711	8	307
HG01746	5	233
HG01747	7	244
HG01748	6	225
HG01755	5	254
HG01756	3	274
HG01757	7	250
HG01761	3	289
HG01762	8	267
HG01763	6	280
HG01765	7	292
HG01766	7	279
HG01767	5	257
HG01768	5	238
HG01770	5	242
HG01771	4	262
HG01772	6	246
HG01773	5	284
HG01774	9	272
HG01775	8	242
HG01776	8	252
HG01777	4	282
HG01778	6	276
HG01779	4	256
HG01780	5	242
HG01781	6	252
HG01782	6	302
HG01783	4	272
HG01784	5	283
HG01785	5	243
HG01786	6	266
HG01789	3	243
HG01790	3	278
HG01791	2	290
HG01794	7	280
HG01795	8	274
HG01796	9	278
HG01797	7	267
HG01798	6	250
HG01799	5	273
HG01800	4	285
HG01801	5	290
HG01802	6	288
HG01804	8	282
HG01805	6	280
HG01806	7	248
HG01807	9	286
HG01808	6	280
HG01809	7	286
HG01810	6	269
HG01811	8	293
HG01812	8	259
HG01813	8	280
HG01815	7	269
HG01816	9	272
HG01817	6	290
HG01840	5	255
HG01841	5	291
HG01842	7	275
HG01843	8	250
HG01844	11	270
HG01845	6	268
HG01846	6	269
HG01847	10	278
HG01848	9	291
HG01849	7	282
HG01850	6	285
HG01851	10	266
HG01852	5	272
HG01853	8	268
HG01855	10	278
HG01857	7	278
HG01858	6	266
HG01859	9	264
HG01860	5	252
HG01861	7	253
HG01862	5	287
HG01863	10	287
HG01864	6	288
HG01865	8	265
HG01866	8	290
HG01867	10	262
HG01868	8	279
HG01869	4	280
HG01870	6	253
HG01871	6	283
HG01872	4	241
HG01873	11	272
HG01874	8	282
HG01878	9	269
HG01879	6	330
HG01880	8	340
HG01881	6	358
HG01882	6	369
HG01883	5	309
HG01884	7	398
HG01885	6	380
HG01886	9	317
HG01887	11	352
HG01888	4	346
HG01889	8	378
HG01890	9	385
HG01891	8	381
HG01892	4	293
HG01893	3	282
HG01894	4	354
HG01895	10	361
HG01896	11	389
HG01897	9	389
HG01898	3	296
HG01912	13	393
HG01914	7	337
HG01915	6	385
HG01916	8	336
HG01917	5	258
HG01918	5	239
HG01919	5	241
HG01920	5	274
HG01921	6	290
HG01922	6	280
HG01923	5	261
HG01924	6	305
HG01925	8	301
HG01926	2	264
HG01927	3	252
HG01928	4	270
HG01932	2	245
HG01933	6	271
HG01934	5	260
HG01935	3	255
HG01936	4	268
HG01937	3	247
HG01938	8	259
HG01939	3	258
HG01940	4	247
HG01941	7	268
HG01942	9	260
HG01943	8	260
HG01944	7	288
HG01945	5	275
HG01946	5	280
HG01947	10	260
HG01948	4	286
HG01949	6	268
HG01950	7	272
HG01951	6	274
HG01952	6	285
HG01953	4	278
HG01954	7	272
HG01955	7	283
HG01956	8	395
HG01958	4	385
HG01959	4	344
HG01960	7	333
HG01961	6	278
HG01965	7	278
HG01967	4	262
HG01968	3	250
HG01969	3	259
HG01970	5	279
HG01971	3	276
HG01972	4	299
HG01973	3	240
HG01974	5	252
HG01975	5	245
HG01976	5	255
HG01977	4	238
HG01978	6	260
HG01979	4	255
HG01980	7	278
HG01981	4	261
HG01982	8	277
HG01983	4	278
HG01984	7	264
HG01985	7	367
HG01986	7	344
HG01987	7	375
HG01988	7	269
HG01989	5	314
HG01990	10	380
HG01991	5	257
HG01992	4	245
HG01993	5	272
HG01997	3	283
HG01998	2	253
HG02002	5	253
HG02003	3	256
HG02004	4	272
HG02006	4	286
HG02008	3	249
HG02009	9	365
HG02010	9	357
HG02011	10	321
HG02012	7	370
HG02013	3	370
HG02014	9	382
HG02015	7	252
HG02016	7	257
HG02017	6	250
HG02018	5	266
HG02019	4	267
HG02020	7	283
HG02023	4	253
HG02024	6	276
HG02025	7	284
HG02026	4	268
HG02027	8	288
HG02028	5	277
HG02029	7	271
HG02030	9	256
HG02031	10	259
HG02032	9	261
HG02035	9	282
HG02040	6	268
HG02047	3	275
HG02048	8	262
HG02049	9	286
HG02050	5	261
HG02051	3	336
HG02052	6	361
HG02053	14	345
HG02054	5	352
HG02055	9	335
HG02056	4	279
HG02057	7	264
HG02058	5	272
HG02059	11	250
HG02060	10	270
HG02061	7	248
HG02064	8	269
HG02067	7	276
HG02068	8	263
HG02069	8	269
HG02070	9	254
HG02071	4	258
HG02072	6	258
HG02073	6	280
HG02074	6	259
HG02075	9	273
HG02076	7	274
HG02077	4	261
HG02078	5	254
HG02079	9	302
HG02080	6	270
HG02081	8	264
HG02082	6	253
HG02083	6	294
HG02084	4	291
HG02085	8	279
HG02086	3	290
HG02087	9	257
HG02088	11	244
HG02089	2	289
HG02090	6	253
HG02091	4	277
HG02095	5	377
HG02102	7	255
HG02104	2	305
HG02105	7	249
HG02106	5	278
HG02107	7	343
HG02108	9	385
HG02111	9	370
HG02113	7	291
HG02116	6	258
HG02120	7	276
HG02121	8	269
HG02122	3	284
HG02126	13	296
HG02127	9	260
HG02128	11	305
HG02129	7	278
HG02130	8	277
HG02131	6	249
HG02132	5	270
HG02133	8	274
HG02134	4	283
HG02135	9	275
HG02136	10	282
HG02137	8	256
HG02138	5	255
HG02139	8	294
HG02140	7	270
HG02141	6	268
HG02142	11	269
HG02143	9	356
HG02144	5	387
HG02145	6	371
HG02146	6	245
HG02147	3	262
HG02148	3	260
HG02150	3	244
HG02151	9	236
HG02152	7	296
HG02153	6	262
HG02154	10	266
HG02155	8	274
HG02156	4	302
HG02164	6	254
HG02165	8	252
HG02166	8	278
HG02178	6	254
HG02179	8	283
HG02180	7	273
HG02181	9	268
HG02182	7	272
HG02184	9	261
HG02185	6	248
HG02186	12	288
HG02187	7	234
HG02188	7	261
HG02190	10	276
HG02215	5	270
HG02219	9	257
HG02220	2	257
HG02221	3	285
HG02222	3	254
HG02223	6	279
HG02224	5	313
HG02225	4	272
HG02229	5	249
HG02230	3	258
HG02231	8	288
HG02232	3	233
HG02233	5	284
HG02234	6	256
HG02235	5	252
HG02236	3	265
HG02237	2	257
HG02238	4	262
HG02239	9	295
HG02240	6	272
HG02250	7	276
HG02252	7	256
HG02253	4	250
HG02255	12	395
HG02256	6	337
HG02257	9	344
HG02258	4	374
HG02259	2	268
HG02260	4	259
HG02261	4	255
HG02262	4	265
HG02265	4	249
HG02266	4	272
HG02271	4	260
HG02272	6	288
HG02273	4	267
HG02274	4	294
HG02275	4	248
HG02277	3	280
HG02278	2	263
HG02279	3	267
HG02280	5	363
HG02281	7	330
HG02282	6	378
HG02283	6	351
HG02284	11	335
HG02285	7	253
HG02286	3	306
HG02287	6	261
HG02291	3	254
HG02292	4	259
HG02293	2	238
HG02298	7	277
HG02299	6	276
HG02300	3	264
HG02301	5	261
HG02302	6	272
HG02303	9	283
HG02304	7	289
HG02307	8	349
HG02308	4	359
HG02309	7	378
HG02312	6	241
HG02314	6	359
HG02315	6	401
HG02316	5	355
HG02317	4	383
HG02318	6	373
HG02321	8	349
HG02322	6	360
HG02323	7	383
HG02325	6	380
HG02330	7	367
HG02332	9	350
HG02334	6	321
HG02337	2	372
HG02339	4	365
HG02343	7	363
HG02345	5	259
HG02348	5	235
HG02351	6	261
HG02353	5	279
HG02355	11	296
HG02356	7	268
HG02360	6	254
HG02364	6	282
HG02367	6	292
HG02371	6	285
HG02373	4	291
HG02374	6	309
HG02375	8	300
HG02379	5	285
HG02380	6	271
HG02382	6	274
HG02383	8	253
HG02384	6	268
HG02385	8	277
HG02386	5	288
HG02389	8	270
HG02390	4	274
HG02391	5	263
HG02392	7	280
HG02394	7	259
HG02395	7	275
HG02396	5	297
HG02397	5	269
HG02398	4	286
HG02399	6	262
HG02401	2	270
HG02402	5	268
HG02406	8	259
HG02407	7	287
HG02408	6	273
HG02409	11	273
HG02410	5	265
HG02419	5	370
HG02420	5	325
HG02425	2	267
HG02427	4	350
HG02429	6	367
HG02433	1	342
HG02439	10	362
HG02442	9	408
HG02445	4	389
HG02449	4	331
HG02450	9	374
HG02451	7	355
HG02455	6	375
HG02461	5	347
HG02462	2	410
HG02463	2	381
HG02464	5	400
HG02465	7	371
HG02466	5	395
HG02470	4	381
HG02471	8	423
HG02476	6	371
HG02477	7	324
HG02479	6	358
HG02481	6	352
HG02484	7	389
HG02485	4	354
HG02489	7	402
HG02490	7	304
HG02491	6	286
HG02492	7	304
HG02493	4	274
HG02494	7	271
HG02495	8	287
HG02496	10	354
HG02497	6	381
HG02501	12	371
HG02502	6	321
HG02505	3	359
HG02508	7	342
HG02511	5	413
HG02512	4	277
HG02513	3	274
HG02514	5	261
HG02521	6	285
HG02522	7	298
HG02523	6	299
HG02524	4	266
HG02525	7	275
HG02526	6	259
HG02536	5	390
HG02537	6	331
HG02541	8	372
HG02545	6	319
HG02546	7	380
HG02549	7	413
HG02554	8	346
HG02555	5	387
HG02557	10	383
HG02558	7	371
HG02561	11	367
HG02562	6	340
HG02563	7	373
HG02568	6	378
HG02569	3	380
HG02570	10	372
HG02571	11	374
HG02572	14	393
HG02573	10	381
HG02574	3	391
HG02575	7	387
HG02577	6	395
HG02580	5	407
HG02582	11	372
HG02583	4	398
HG02584	7	399
HG02585	2	404
HG02586	12	383
HG02587	7	385
HG02588	10	366
HG02589	7	374
HG02590	10	385
HG02594	5	371
HG02595	8	340
HG02596	4	340
HG02597	4	260
HG02600	3	255
HG02601	4	281
HG02602	5	255
HG02603	8	261
HG02604	7	274
HG02605	7	251
HG02610	6	363
HG02611	4	395
HG02612	5	386
HG02613	6	355
HG02614	4	372
HG02615	4	345
HG02620	3	415
HG02621	5	375
HG02622	3	403
HG02623	3	343
HG02624	6	363
HG02625	3	363
HG02628	6	392
HG02629	12	374
HG02630	8	391
HG02634	6	375
HG02635	9	366
HG02636	10	364
HG02642	9	385
HG02643	4	369
HG02644	7	382
HG02645	7	387
HG02646	6	395
HG02647	7	397
HG02648	7	325
HG02649	7	290
HG02650	10	301
HG02651	7	257
HG02652	5	284
HG02653	4	279
HG02654	6	296
HG02655	6	234
HG02656	6	268
HG02657	7	308
HG02658	6	304
HG02659	7	283
HG02660	7	252
HG02661	5	272
HG02662	7	261
HG02666	8	353
HG02667	9	358
HG02668	8	330
HG02675	3	349
HG02676	7	394
HG02677	6	370
HG02678	7	371
HG02679	5	358
HG02680	5	373
HG02681	7	302
HG02682	6	292
HG02683	7	290
HG02684	6	287
HG02685	6	268
HG02686	6	281
HG02687	7	271
HG02688	1	295
HG02689	5	294
HG02690	5	312
HG02691	6	281
HG02692	5	291
HG02694	3	250
HG02696	5	278
HG02697	7	306
HG02698	8	277
HG02699	5	282
HG02700	3	263
HG02701	4	259
HG02702	4	379
HG02703	7	368
HG02704	5	365
HG02715	5	350
HG02716	11	380
HG02717	11	360
HG02721	8	421
HG02722	8	353
HG02723	11	384
HG02724	8	275
HG02725	7	283
HG02726	8	260
HG02727	5	285
HG02728	8	298
HG02729	7	281
HG02731	7	268
HG02733	4	303
HG02734	6	302
HG02735	7	278
HG02736	5	284
HG02737	4	276
HG02738	4	277
HG02756	7	339
HG02757	8	355
HG02759	7	397
HG02760	3	405
HG02761	5	410
HG02762	6	373
HG02763	9	407
HG02764	5	376
HG02768	6	377
HG02769	5	372
HG02770	6	362
HG02771	6	357
HG02772	8	372
HG02773	4	385
HG02774	8	294
HG02775	4	291
HG02776	8	278
HG02778	7	277
HG02780	8	294
HG02783	8	301
HG02784	5	307
HG02785	7	288
HG02786	8	291
HG02787	6	278
HG02788	9	296
HG02789	6	289
HG02790	4	257
HG02791	6	266
HG02792	5	252
HG02793	6	282
HG02794	4	264
HG02798	7	350
HG02799	11	367
HG02800	10	352
HG02804	4	382
HG02805	2	357
HG02806	3	370
HG02807	5	405
HG02808	6	367
HG02809	5	374
HG02810	6	383
HG02811	10	344
HG02812	9	388
HG02813	10	364
HG02814	4	352
HG02815	6	351
HG02816	8	377
HG02817	7	406
HG02818	9	393
HG02819	7	385
HG02820	6	366
HG02821	5	376
HG02836	11	360
HG02837	11	372
HG02838	9	360
HG02839	6	388
HG02840	3	359
HG02841	6	394
HG02851	9	359
HG02852	7	411
HG02853	6	380
HG02854	8	383
HG02855	9	364
HG02856	8	367
HG02860	16	391
HG02861	4	352
HG02862	10	371
HG02869	6	390
HG02870	12	351
HG02871	9	381
HG02878	5	357
HG02879	8	370
HG02880	6	366
HG02881	12	360
HG02882	12	391
HG02883	12	384
HG02884	8	391
HG02885	9	399
HG02886	8	400
HG02887	7	372
HG02888	6	385
HG02889	10	379
HG02890	10	380
HG02891	9	391
HG02892	11	379
HG02895	8	372
HG02896	5	366
HG02897	4	377
HG02922	7	372
HG02923	4	387
HG02924	6	354
HG02938	8	380
HG02941	11	368
HG02943	10	367
HG02944	9	387
HG02945	9	391
HG02946	6	396
HG02947	5	404
HG02948	4	412
HG02952	8	384
HG02953	7	385
HG02954	5	380
HG02964	10	374
HG02965	5	402
HG02966	6	399
HG02968	9	373
HG02970	5	360
HG02971	10	387
HG02972	6	375
HG02973	6	386
HG02974	11	367
HG02975	11	385
HG02976	6	391
HG02977	8	380
HG02978	8	360
HG02979	6	379
HG02980	5	384
HG02981	9	375
HG02982	5	341
HG02983	3	347
HG02984	5	339
HG03006	7	267
HG03007	6	293
HG03008	7	282
HG03009	7	258
HG03012	6	306
HG03015	5	279
HG03016	6	296
HG03017	7	293
HG03018	6	289
HG03019	1	284
HG03021	5	254
HG03022	7	271
HG03024	6	372
HG03025	10	375
HG03026	8	363
HG03027	4	374
HG03028	10	352
HG03029	8	348
HG03033	11	373
HG03034	7	391
HG03035	10	386
HG03039	10	380
HG03040	5	371
HG03041	4	380
HG03045	10	374
HG03046	10	381
HG03047	12	351
HG03048	8	379
HG03049	10	343
HG03050	11	349
HG03052	6	384
HG03054	14	381
HG03055	10	381
HG03056	15	355
HG03057	5	365
HG03058	3	395
HG03060	10	376
HG03061	9	415
HG03063	7	363
HG03064	6	374
HG03065	5	368
HG03066	9	373
HG03069	10	373
HG03072	7	372
HG03073	10	379
HG03074	5	343
HG03077	12	353
HG03078	10	373
HG03079	8	361
HG03081	8	365
HG03082	9	387
HG03084	4	368
HG03085	8	367
HG03086	10	353
HG03088	4	364
HG03091	7	403
HG03095	7	381
HG03096	5	382
HG03097	9	397
HG03098	6	380
HG03099	11	361
HG03100	6	358
HG03101	13	361
HG03103	10	389
HG03105	11	375
HG03108	11	374
HG03109	5	372
HG03110	9	374
HG03111	6	382
HG03112	6	373
HG03113	8	379
HG03114	10	360
HG03115	5	363
HG03116	8	364
HG03117	6	386
HG03118	8	392
HG03119	7	374
HG03120	5	380
HG03121	11	378
HG03122	9	388
HG03123	8	397
HG03124	9	369
HG03125	8	387
HG03126	7	407
HG03127	8	391
HG03128	10	413
HG03129	8	363
HG03130	9	357
HG03131	11	366
HG03132	9	392
HG03133	9	375
HG03134	11	381
HG03135	8	383
HG03136	4	402
HG03137	5	381
HG03139	7	360
HG03157	14	345
HG03159	7	374
HG03160	8	407
HG03161	8	410
HG03162	11	399
HG03163	8	363
HG03164	11	386
HG03166	8	382
HG03168	9	392
HG03169	10	373
HG03170	10	408
HG03172	3	406
HG03175	10	385
HG03189	8	382
HG03190	5	393
HG03191	8	391
HG03193	12	360
HG03195	12	379
HG03196	6	422
HG03197	9	396
HG03198	5	376
HG03199	11	363
HG03200	11	363
HG03202	5	373
HG03209	5	382
HG03212	7	379
HG03224	6	375
HG03225	9	393
HG03228	5	296
HG03229	3	269
HG03230	4	260
HG03234	8	280
HG03235	4	290
HG03236	6	302
HG03237	3	266
HG03238	9	260
HG03239	5	265
HG03240	11	393
HG03241	7	376
HG03242	7	384
HG03246	7	378
HG03247	5	378
HG03248	7	386
HG03249	6	364
HG03250	6	380
HG03251	5	361
HG03258	9	393
HG03259	5	364
HG03260	6	376
HG03265	9	371
HG03267	9	368
HG03268	4	379
HG03269	8	346
HG03270	7	417
HG03271	10	364
HG03272	6	390
HG03279	8	391
HG03280	9	350
HG03291	3	375
HG03294	7	389
HG03295	7	392
HG03296	8	392
HG03297	2	389
HG03298	8	344
HG03299	5	363
HG03300	9	343
HG03301	7	389
HG03302	6	378
HG03303	7	384
HG03304	10	396
HG03305	13	380
HG03306	4	385
HG03307	9	350
HG03308	8	373
HG03309	4	377
HG03310	5	375
HG03311	5	357
HG03312	6	376
HG03313	3	409
HG03314	3	396
HG03342	5	365
HG03343	9	363
HG03344	4	365
HG03350	12	386
HG03351	12	403
HG03352	10	364
HG03354	10	373
HG03363	7	376
HG03366	9	393
HG03367	9	386
HG03368	10	376
HG03369	4	379
HG03370	9	382
HG03371	5	388
HG03372	8	379
HG03373	8	385
HG03374	11	384
HG03376	4	366
HG03378	9	340
HG03380	13	384
HG03382	6	388
HG03385	4	359
HG03388	6	367
HG03391	6	391
HG03394	7	386
HG03397	7	356
HG03401	9	398
HG03410	8	373
HG03419	8	367
HG03428	10	356
HG03432	8	383
HG03433	6	356
HG03436	8	365
HG03437	6	377
HG03438	9	379
HG03439	6	398
HG03442	5	371
HG03445	8	362
HG03446	6	392
HG03449	6	368
HG03451	5	363
HG03452	6	362
HG03453	5	359
HG03454	13	363
HG03455	4	374
HG03456	9	352
HG03457	6	360
HG03458	6	371
HG03460	5	395
HG03461	8	383
HG03464	7	364
HG03469	13	397
HG03470	12	389
HG03472	7	380
HG03473	9	390
HG03476	7	375
HG03478	6	378
HG03479	6	371
HG03480	9	359
HG03484	6	377
HG03485	5	340
HG03486	4	361
HG03487	7	289
HG03488	3	280
HG03489	3	289
HG03490	4	278
HG03491	2	280
HG03492	4	267
HG03499	6	403
HG03511	8	396
HG03514	7	417
HG03515	5	396
HG03516	7	403
HG03517	8	369
HG03518	10	384
HG03519	10	372
HG03520	11	368
HG03521	7	374
HG03522	13	361
HG03538	9	359
HG03539	6	380
HG03540	9	369
HG03547	11	334
HG03548	10	380
HG03556	8	391
HG03557	6	378
HG03558	8	373
HG03559	11	406
HG03563	9	379
HG03565	8	374
HG03567	6	370
HG03571	6	408
HG03572	7	345
HG03574	7	409
HG03575	5	369
HG03576	7	376
HG03577	7	400
HG03578	4	385
HG03579	6	388
HG03582	7	384
HG03583	8	368
HG03584	8	362
HG03585	3	268
HG03589	11	261
HG03593	7	282
HG03594	4	277
HG03595	5	286
HG03596	5	282
HG03598	3	309
HG03600	5	288
HG03603	3	273
HG03604	7	306
HG03605	8	259
HG03606	4	268
HG03607	8	282
HG03611	6	306
HG03615	7	278
HG03616	11	271
HG03617	12	271
HG03618	7	268
HG03619	10	287
HG03620	12	283
HG03624	6	283
HG03625	5	271
HG03626	5	272
HG03629	6	255
HG03631	4	305
HG03633	8	267
HG03634	6	283
HG03635	5	272
HG03636	9	275
HG03639	7	285
HG03640	10	296
HG03641	11	295
HG03642	8	325
HG03643	6	270
HG03644	6	312
HG03645	2	316
HG03646	4	295
HG03649	7	292
HG03650	5	254
HG03651	10	288
HG03652	5	267
HG03653	12	284
HG03654	8	299
HG03660	5	307
HG03663	6	270
HG03667	8	287
HG03668	4	283
HG03669	5	274
HG03672	9	297
HG03673	5	278
HG03679	7	276
HG03680	5	290
HG03681	5	278
HG03682	6	295
HG03683	5	309
HG03684	5	307
HG03685	2	293
HG03686	7	263
HG03687	3	285
HG03688	6	272
HG03689	10	291
HG03690	4	280
HG03691	4	265
HG03692	4	275
HG03693	7	283
HG03694	9	290
HG03695	5	296
HG03696	5	262
HG03697	9	270
HG03698	8	276
HG03699	4	295
HG03700	5	287
HG03701	5	281
HG03702	6	276
HG03703	6	279
HG03704	7	290
HG03705	11	260
HG03706	7	271
HG03707	10	269
HG03708	7	286
HG03709	4	286
HG03710	3	262
HG03711	6	294
HG03713	5	335
HG03714	4	261
HG03716	3	273
HG03717	6	291
HG03718	4	254
HG03719	7	274
HG03720	6	288
HG03721	6	261
HG03722	10	269
HG03725	5	298
HG03727	4	285
HG03729	1	270
HG03730	4	297
HG03731	8	273
HG03732	6	254
HG03733	7	259
HG03736	6	267
HG03738	8	303
HG03740	6	278
HG03741	5	277
HG03742	4	281
HG03743	7	270
HG03744	7	274
HG03745	6	292
HG03746	10	278
HG03750	9	295
HG03752	8	247
HG03753	3	272
HG03754	6	273
HG03755	5	290
HG03756	4	297
HG03757	5	279
HG03760	7	276
HG03761	7	287
HG03762	9	283
HG03763	8	288
HG03765	7	269
HG03767	6	258
HG03770	8	296
HG03771	5	276
HG03772	6	301
HG03773	5	258
HG03774	6	259
HG03775	4	270
HG03777	4	278
HG03778	4	270
HG03779	8	296
HG03780	5	277
HG03781	6	301
HG03782	6	297
HG03784	6	296
HG03785	10	288
HG03786	9	257
HG03787	8	306
HG03788	5	299
HG03789	6	254
HG03790	6	294
HG03792	7	283
HG03793	5	292
HG03794	3	294
HG03795	6	305
HG03796	10	278
HG03797	4	283
HG03798	5	275
HG03799	2	244
HG03800	8	293
HG03801	8	272
HG03802	7	277
HG03803	7	280
HG03804	7	285
HG03805	6	306
HG03806	9	271
HG03807	6	296
HG03808	9	306
HG03809	8	307
HG03812	5	291
HG03814	4	278
HG03815	7	266
HG03816	5	276
HG03817	4	282
HG03821	10	280
HG03823	5	295
HG03824	4	283
HG03825	4	279
HG03826	6	277
HG03829	4	297
HG03830	3	259
HG03831	3	288
HG03832	6	248
HG03833	9	283
HG03834	6	269
HG03836	6	291
HG03837	9	294
HG03838	3	281
HG03844	6	275
HG03846	6	276
HG03848	4	260
HG03849	4	274
HG03850	6	290
HG03851	2	278
HG03854	2	286
HG03856	9	275
HG03857	7	259
HG03858	4	282
HG03861	4	276
HG03862	6	304
HG03863	6	263
HG03864	6	292
HG03866	6	266
HG03867	9	289
HG03868	4	269
HG03869	3	268
HG03870	7	290
HG03871	6	263
HG03872	6	284
HG03873	4	263
HG03874	3	272
HG03875	3	249
HG03882	4	268
HG03884	3	282
HG03885	6	274
HG03886	7	279
HG03887	5	264
HG03888	5	267
HG03890	6	292
HG03894	6	303
HG03895	5	272
HG03896	7	285
HG03897	6	290
HG03898	4	272
HG03899	6	262
HG03900	8	271
HG03902	5	283
HG03904	5	257
HG03905	8	282
HG03906	8	271
HG03907	7	319
HG03908	6	270
HG03909	6	279
HG03910	7	273
HG03911	5	294
HG03913	10	309
HG03914	6	254
HG03915	8	283
HG03916	4	243
HG03917	6	234
HG03919	7	252
HG03920	5	278
HG03922	8	274
HG03925	8	281
HG03926	7	289
HG03927	8	269
HG03928	5	302
HG03929	4	290
HG03930	6	284
HG03931	4	268
HG03934	6	276
HG03937	6	287
HG03940	7	268
HG03941	5	283
HG03942	6	258
HG03943	10	281
HG03944	8	300
HG03945	7	280
HG03947	9	288
HG03949	5	243
HG03950	5	282
HG03951	7	250
HG03953	5	287
HG03955	8	280
HG03960	5	288
HG03963	5	289
HG03965	8	303
HG03967	3	239
HG03968	4	296
HG03969	6	290
HG03971	6	267
HG03973	4	307
HG03974	4	256
HG03976	6	307
HG03977	4	267
HG03978	7	311
HG03985	8	279
HG03986	5	294
HG03989	7	275
HG03990	7	304
HG03991	4	272
HG03992	7	278
HG03995	5	306
HG03998	4	286
HG03999	6	280
HG04001	9	283
HG04002	5	267
HG04003	7	284
HG04006	5	273
HG04014	7	291
HG04015	6	272
HG04017	7	286
HG04018	11	291
HG04019	7	302
HG04020	3	255
HG04022	6	292
HG04023	8	306
HG04025	8	293
HG04026	5	296
HG04029	4	305
HG04033	5	283
HG04035	6	289
HG04036	7	288
HG04038	8	292
HG04039	8	282
HG04042	3	288
HG04047	2	302
HG04054	5	261
HG04056	6	294
HG04059	8	292
HG04060	8	285
HG04061	4	260
HG04062	6	295
HG04063	3	292
HG04070	6	300
HG04075	8	280
HG04076	4	275
HG04080	5	275
HG04090	7	274
HG04093	7	290
HG04094	9	292
HG04096	7	304
HG04098	4	266
HG04099	4	281
HG04100	6	285
HG04106	5	288
HG04107	5	266
HG04115	4	288
HG04118	7	271
HG04122	9	271
HG04127	8	266
HG04131	6	288
HG04132	6	294
HG04133	6	295
HG04134	1	245
HG04135	7	310
HG04136	5	278
HG04140	11	265
HG04141	6	304
HG04142	6	286
HG04144	8	274
HG04146	4	283
HG04147	5	293
HG04148	7	286
HG04149	8	269
HG04150	7	260
HG04151	9	267
HG04152	11	322
HG04153	4	286
HG04155	9	277
HG04156	4	291
HG04157	6	267
HG04158	8	288
HG04159	7	282
HG04160	6	302
HG04161	8	283
HG04162	5	304
HG04164	8	279
HG04171	8	280
HG04173	5	269
HG04174	10	270
HG04175	8	277
HG04176	8	311
HG04177	8	243
HG04180	6	290
HG04182	4	279
HG04183	6	281
HG04184	4	265
HG04185	7	296
HG04186	7	262
HG04187	7	298
HG04188	8	251
HG04189	2	274
HG04191	9	268
HG04192	10	284
HG04193	11	295
HG04194	7	252
HG04195	6	272
HG04198	6	285
HG04199	8	268
HG04200	7	277
HG04202	7	292
HG04204	6	308
HG04206	4	276
HG04209	7	281
HG04210	9	268
HG04211	5	259
HG04212	6	287
HG04214	6	269
HG04215	6	305
HG04216	6	273
HG04217	7	274
HG04219	5	303
HG04222	4	304
HG04225	4	260
HG04227	6	257
HG04228	8	273
HG04229	9	271
HG04235	6	309
HG04238	4	245
HG04239	6	292
NA06984	4	275
NA06985	2	262
NA06986	5	237
NA06989	4	278
NA06991	4	285
NA06993	6	283
NA06994	1	236
NA06995	7	262
NA06997	6	258
NA07000	2	228
NA07014	2	259
NA07019	3	260
NA07022	3	263
NA07029	2	236
NA07031	0	266
NA07034	7	307
NA07037	5	283
NA07045	6	263
NA07048	7	266
NA07051	3	263
NA07055	7	247
NA07056	4	289
NA07345	7	252
NA07346	4	248
NA07347	4	274
NA07348	7	263
NA07349	5	262
NA07357	5	269
NA07435	8	282
NA10830	6	272
NA10831	7	304
NA10835	4	228
NA10836	5	266
NA10837	7	271
NA10838	8	257
NA10839	7	281
NA10840	3	266
NA10842	3	286
NA10843	3	287
NA10845	4	259
NA10846	5	236
NA10847	1	248
NA10851	3	270
NA10852	3	270
NA10854	1	255
NA10855	4	267
NA10856	4	281
NA10857	2	243
NA10859	4	264
NA10860	7	264
NA10861	6	278
NA10863	6	249
NA10864	7	235
NA10865	4	277
NA11829	5	298
NA11830	5	260
NA11831	5	259
NA11832	4	284
NA11839	4	245
NA11840	2	284
NA11843	6	268
NA11881	2	266
NA11882	6	273
NA11891	4	276
NA11892	4	263
NA11893	6	236
NA11894	6	269
NA11917	4	278
NA11918	5	259
NA11919	2	284
NA11920	5	274
NA11930	2	251
NA11931	5	272
NA11932	7	270
NA11933	5	256
NA11992	5	266
NA11993	6	260
NA11994	6	268
NA11995	4	278
NA12003	3	272
NA12004	9	267
NA12005	9	269
NA12006	4	263
NA12043	3	257
NA12044	4	242
NA12045	4	283
NA12046	3	248
NA12056	5	258
NA12057	1	291
NA12058	3	250
NA12144	5	214
NA12145	5	262
NA12146	2	242
NA12154	6	277
NA12155	7	299
NA12156	7	268
NA12234	7	238
NA12236	6	258
NA12239	4	255
NA12248	3	250
NA12249	5	254
NA12264	7	254
NA12272	6	283
NA12273	5	245
NA12274	3	260
NA12275	4	273
NA12282	2	282
NA12283	1	259
NA12286	3	239
NA12287	6	284
NA12329	6	287
NA12335	3	273
NA12336	4	236
NA12340	6	253
NA12341	2	276
NA12342	4	264
NA12343	3	232
NA12344	5	273
NA12347	4	265
NA12348	3	277
NA12376	5	242
NA12383	2	287
NA12386	6	280
NA12399	2	253
NA12400	8	277
NA12413	4	258
NA12414	2	270
NA12485	3	282
NA12489	6	258
NA12546	7	249
NA12707	2	243
NA12716	5	269
NA12717	3	255
NA12718	5	258
NA12739	4	256
NA12740	3	285
NA12748	5	266
NA12749	3	263
NA12750	4	261
NA12751	6	268
NA12752	7	281
NA12753	5	276
NA12760	5	289
NA12761	5	251
NA12762	4	273
NA12763	4	286
NA12766	7	257
NA12767	4	273
NA12775	8	282
NA12776	4	237
NA12777	2	291
NA12778	8	262
NA12801	7	256
NA12802	7	282
NA12812	8	245
NA12813	5	290
NA12814	6	260
NA12815	5	288
NA12817	3	260
NA12818	4	256
NA12827	4	278
NA12828	5	246
NA12829	5	251
NA12830	7	284
NA12832	2	255
NA12842	2	242
NA12843	2	244
NA12864	4	281
NA12865	6	288
NA12872	4	286
NA12873	7	269
NA12874	6	278
NA12875	5	278
NA12877	6	297
NA12878	3	280
NA12889	7	265
NA12890	5	291
NA12891	2	268
NA12892	4	313
NA18484	6	364
NA18485	10	366
NA18486	6	358
NA18487	11	370
NA18488	7	350
NA18489	8	357
NA18497	4	386
NA18498	7	395
NA18499	5	376
NA18500	12	391
NA18501	11	368
NA18502	11	394
NA18503	8	370
NA18504	11	389
NA18505	6	355
NA18506	11	362
NA18507	10	375
NA18508	10	373
NA18510	9	399
NA18511	9	400
NA18515	11	396
NA18516	9	384
NA18517	7	409
NA18518	4	394
NA18519	6	396
NA18520	8	408
NA18521	10	380
NA18522	12	371
NA18523	5	401
NA18525	10	293
NA18526	6	263
NA18528	5	280
NA18530	8	280
NA18531	6	297
NA18532	8	264
NA18533	7	261
NA18534	7	289
NA18535	6	266
NA18536	6	266
NA18537	8	284
NA18538	10	262
NA18539	6	300
NA18541	7	275
NA18542	6	277
NA18543	11	285
NA18544	4	282
NA18545	9	253
NA18546	6	264
NA18547	7	265
NA18548	8	274
NA18549	9	280
NA18550	6	272
NA18552	6	251
NA18553	8	274
NA18555	5	251
NA18557	8	290
NA18558	6	276
NA18559	8	247
NA18560	8	263
NA18561	7	272
NA18562	6	264
NA18563	6	294
NA18564	7	295
NA18565	7	290
NA18566	9	275
NA18567	6	289
NA18570	7	262
NA18571	7	289
NA18572	7	269
NA18573	8	243
NA18574	11	252
NA18577	3	237
NA18579	6	263
NA18582	7	252
NA18591	8	253
NA18592	6	279
NA18593	8	249
NA18595	9	287
NA18596	10	263
NA18597	4	235
NA18599	5	265
NA18602	6	285
NA18603	6	244
NA18605	11	265
NA18606	4	260
NA18608	8	268
NA18609	7	257
NA18610	8	242
NA18611	5	267
NA18612	10	273
NA18613	6	270
NA18614	5	240
NA18615	9	270
NA18616	6	286
NA18617	4	278
NA18618	4	268
NA18619	5	272
NA18620	5	261
NA18621	6	279
NA18622	2	289
NA18623	6	278
NA18624	7	278
NA18625	6	262
NA18626	8	250
NA18627	8	293
NA18628	10	272
NA18629	5	273
NA18630	6	307
NA18631	9	280
NA18632	4	278
NA18633	10	280
NA18634	7	279
NA18635	6	259
NA18636	7	244
NA18637	5	281
NA18638	7	286
NA18639	7	287
NA18640	8	255
NA18641	11	279
NA18642	7	272
NA18643	4	272
NA18644	3	285
NA18645	6	268
NA18646	7	278
NA18647	9	286
NA18648	5	274
NA18740	7	296
NA18745	6	255
NA18747	9	262
NA18748	6	278
NA18749	5	250
NA18757	5	302
NA18852	7	385
NA18853	4	393
NA18854	3	377
NA18855	8	374
NA18856	8	363
NA18857	12	358
NA18858	6	377
NA18859	4	362
NA18860	6	366
NA18861	7	359
NA18862	9	389
NA18863	7	378
NA18864	6	405
NA18865	10	357
NA18867	6	382
NA18868	8	411
NA18869	10	392
NA18870	4	366
NA18871	8	372
NA18872	7	383
NA18873	6	383
NA18874	9	359
NA18875	9	383
NA18876	8	389
NA18877	5	408
NA18878	6	369
NA18879	3	390
NA18881	8	360
NA18906	7	386
NA18907	7	372
NA18908	6	363
NA18909	6	397
NA18910	9	348
NA18911	6	359
NA18912	9	390
NA18913	7	382
NA18914	10	394
NA18915	5	384
NA18916	7	378
NA18917	6	384
NA18923	11	366
NA18924	5	410
NA18925	8	390
NA18930	7	377
NA18933	4	397
NA18934	8	371
NA18935	6	413
NA18939	7	273
NA18940	5	292
NA18941	6	240
NA18942	7	287
NA18943	7	248
NA18944	7	253
NA18945	4	283
NA18946	5	273
NA18947	7	280
NA18948	7	276
NA18949	6	279
NA18950	8	272
NA18951	8	262
NA18952	6	242
NA18953	8	296
NA18954	6	279
NA18956	8	281
NA18957	10	252
NA18959	7	271
NA18960	6	271
NA18961	6	286
NA18962	3	296
NA18963	5	278
NA18964	10	302
NA18965	7	298
NA18966	10	251
NA18967	8	248
NA18968	4	273
NA18969	6	262
NA18970	6	275
NA18971	8	260
NA18972	6	263
NA18973	6	256
NA18974	5	270
NA18975	8	257
NA18976	6	273
NA18977	11	274
NA18978	8	264
NA18979	4	267
NA18980	9	263
NA18981	5	255
NA18982	6	249
NA18983	8	229
NA18984	7	254
NA18985	7	295
NA18986	5	295
NA18987	8	273
NA18988	5	258
NA18989	3	290
NA18990	9	287
NA18991	6	228
NA18992	3	261
NA18993	9	250
NA18994	8	255
NA18995	4	246
NA18997	5	248
NA18998	5	272
NA18999	3	262
NA19000	4	274
NA19001	10	293
NA19002	4	250
NA19003	5	255
NA19004	6	248
NA19005	8	283
NA19006	6	272
NA19007	6	275
NA19009	7	255
NA19010	9	261
NA19011	9	273
NA19012	8	261
NA19017	6	377
NA19019	8	331
NA19020	5	370
NA19023	7	363
NA19024	8	353
NA19025	5	363
NA19026	7	378
NA19027	12	368
NA19028	7	360
NA19030	7	375
NA19031	7	330
NA19035	4	403
NA19036	3	366
NA19037	6	397
NA19038	5	367
NA19041	7	382
NA19042	8	374
NA19043	9	327
NA19054	4	252
NA19055	6	241
NA19056	5	249
NA19057	4	250
NA19058	7	269
NA19059	4	266
NA19060	6	277
NA19062	7	262
NA19063	7	284
NA19064	5	257
NA19065	4	269
NA19066	9	251
NA19067	4	259
NA19068	9	290
NA19070	6	266
NA19072	9	297
NA19074	7	283
NA19075	5	266
NA19076	9	253
NA19077	6	286
NA19078	7	265
NA19079	5	277
NA19080	3	239
NA19081	6	269
NA19082	8	260
NA19083	6	263
NA19084	3	254
NA19085	4	266
NA19086	6	258
NA19087	8	277
NA19088	6	276
NA19089	7	282
NA19090	8	242
NA19091	7	279
NA19092	6	362
NA19093	6	412
NA19094	5	402
NA19095	9	371
NA19096	8	388
NA19097	9	369
NA19098	11	337
NA19099	5	393
NA19100	5	383
NA19101	6	393
NA19102	6	376
NA19103	5	384
NA19107	5	365
NA19108	9	377
NA19109	5	353
NA19113	6	410
NA19114	8	359
NA19115	7	380
NA19116	11	390
NA19117	10	344
NA19118	7	379
NA19119	10	420
NA19120	12	404
NA19121	9	402
NA19122	6	387
NA19123	6	405
NA19127	7	364
NA19128	1	384
NA19129	3	390
NA19130	7	369
NA19131	7	379
NA19132	6	370
NA19137	8	366
NA19138	5	341
NA19139	5	361
NA19140	10	363
NA19141	9	376
NA19142	9	381
NA19143	6	399
NA19144	7	389
NA19145	7	397
NA19146	5	367
NA19147	5	392
NA19148	4	400
NA19149	5	397
NA19150	12	374
NA19151	9	398
NA19152	9	398
NA19153	12	357
NA19154	9	380
NA19159	7	382
NA19160	7	382
NA19161	6	385
NA19171	11	368
NA19172	7	365
NA19173	8	389
NA19174	8	358
NA19175	7	380
NA19176	5	353
NA19177	8	343
NA19184	6	385
NA19185	8	377
NA19186	7	379
NA19189	5	375
NA19190	9	368
NA19191	7	392
NA19197	7	378
NA19198	9	369
NA19199	6	384
NA19200	8	354
NA19201	8	371
NA19202	10	352
NA19203	7	358
NA19204	9	418
NA19205	10	410
NA19206	8	374
NA19207	6	394
NA19208	4	381
NA19209	7	355
NA19210	8	412
NA19211	9	383
NA19213	6	382
NA19214	7	370
NA19215	5	398
NA19221	12	403
NA19222	8	394
NA19223	10	358
NA19224	10	415
NA19225	7	387
NA19226	9	413
NA19235	10	395
NA19236	10	347
NA19237	11	360
NA19238	9	359
NA19239	10	370
NA19240	8	368
NA19247	10	386
NA19248	5	392
NA19249	11	400
NA19256	9	397
NA19257	9	349
NA19258	7	375
NA19307	8	393
NA19308	5	366
NA19309	7	375
NA19310	6	381
NA19312	9	373
NA19314	4	376
NA19315	4	386
NA19316	5	387
NA19317	5	376
NA19318	4	388
NA19319	4	329
NA19320	6	397
NA19321	7	398
NA19323	7	379
NA19324	9	360
NA19327	8	388
NA19328	12	379
NA19331	8	394
NA19332	7	393
NA19334	8	378
NA19338	5	401
NA19346	11	403
NA19347	5	375
NA19350	5	374
NA19351	4	418
NA19355	9	341
NA19360	7	360
NA19372	4	395
NA19374	10	353
NA19375	4	390
NA19376	7	367
NA19377	8	338
NA19378	3	383
NA19379	8	363
NA19380	6	373
NA19383	5	402
NA19384	3	367
NA19385	8	392
NA19390	0	375
NA19391	5	365
NA19393	6	400
NA19394	6	371
NA19395	6	414
NA19397	6	343
NA19399	8	412
NA19401	5	374
NA19403	7	388
NA19404	5	362
NA19428	8	368
NA19429	6	386
NA19430	6	393
NA19431	9	371
NA19434	8	319
NA19435	5	354
NA19436	7	346
NA19437	4	369
NA19438	3	336
NA19439	9	370
NA19440	6	368
NA19443	9	358
NA19445	6	391
NA19446	12	376
NA19448	6	382
NA19449	7	397
NA19451	8	377
NA19452	5	365
NA19454	9	364
NA19455	9	384
NA19456	7	329
NA19457	5	378
NA19461	3	384
NA19462	9	393
NA19463	6	412
NA19466	8	369
NA19467	9	348
NA19468	4	373
NA19471	9	387
NA19472	6	356
NA19473	9	352
NA19474	6	339
NA19475	6	368
NA19625	6	323
NA19648	4	221
NA19649	2	270
NA19650	3	245
NA19651	5	248
NA19652	9	238
NA19653	8	247
NA19654	6	291
NA19655	7	268
NA19656	8	280
NA19657	5	259
NA19658	6	320
NA19659	5	297
NA19660	1	245
NA19661	3	266
NA19662	3	262
NA19663	2	248
NA19664	9	266
NA19665	4	264
NA19669	7	278
NA19670	9	276
NA19671	7	253
NA19675	5	258
NA19676	5	240
NA19677	3	239
NA19678	5	240
NA19679	6	274
NA19680	5	257
NA19681	6	282
NA19682	5	227
NA19683	5	271
NA19684	4	293
NA19685	3	250
NA19686	5	289
NA19700	10	356
NA19701	9	381
NA19702	8	346
NA19703	8	360
NA19704	8	373
NA19705	7	369
NA19707	6	312
NA19711	7	375
NA19712	6	342
NA19713	4	344
NA19716	3	242
NA19717	3	247
NA19718	4	234
NA19719	5	288
NA19720	7	262
NA19721	6	269
NA19722	6	307
NA19723	2	264
NA19724	3	301
NA19725	8	298
NA19726	7	263
NA19727	7	277
NA19728	5	305
NA19729	7	267
NA19730	8	293
NA19731	4	258
NA19732	5	271
NA19733	5	266
NA19734	6	244
NA19735	8	250
NA19740	4	256
NA19741	6	233
NA19746	6	278
NA19747	4	270
NA19748	6	280
NA19749	10	277
NA19750	4	234
NA19751	6	249
NA19752	9	267
NA19755	3	254
NA19756	5	257
NA19757	3	274
NA19758	7	271
NA19759	5	241
NA19760	4	246
NA19761	3	238
NA19762	7	270
NA19763	7	247
NA19764	6	249
NA19770	2	286
NA19771	11	259
NA19772	3	260
NA19773	9	272
NA19774	5	271
NA19775	10	279
NA19776	6	318
NA19777	5	263
NA19778	6	283
NA19779	4	262
NA19780	8	256
NA19781	7	272
NA19782	5	276
NA19783	5	260
NA19784	5	264
NA19785	5	245
NA19786	1	239
NA19787	3	228
NA19788	3	262
NA19789	4	274
NA19790	4	245
NA19792	5	278
NA19794	6	270
NA19795	1	261
NA19796	2	275
NA19818	9	354
NA19819	8	355
NA19828	7	374
NA19834	8	324
NA19835	5	331
NA19836	4	324
NA19900	7	356
NA19901	4	344
NA19902	7	369
NA19904	11	338
NA19908	9	337
NA19909	2	369
NA19913	7	332
NA19914	5	360
NA19916	8	365
NA19917	7	383
NA19918	7	365
NA19919	7	322
NA19920	6	367
NA19921	5	306
NA19922	8	375
NA19923	11	358
NA19924	10	380
NA19982	7	313
NA19983	7	339
NA19984	4	361
NA20126	9	297
NA20127	5	315
NA20128	7	330
NA20129	6	366
NA20274	4	258
NA20276	6	327
NA20278	6	311
NA20279	5	314
NA20281	3	383
NA20282	7	280
NA20287	6	410
NA20289	7	322
NA20291	6	363
NA20294	6	352
NA20296	8	379
NA20298	7	380
NA20299	5	275
NA20314	6	252
NA20317	6	336
NA20318	4	307
NA20320	9	358
NA20321	6	395
NA20332	7	361
NA20334	5	312
NA20339	9	373
NA20340	10	396
NA20342	8	321
NA20346	8	325
NA20348	6	374
NA20351	4	357
NA20355	10	358
NA20356	6	356
NA20357	6	346
NA20358	6	365
NA20359	6	376
NA20362	6	387
NA20412	6	331
NA20502	5	306
NA20503	9	251
NA20504	4	268
NA20505	8	268
NA20506	4	241
NA20507	6	270
NA20508	3	256
NA20509	5	274
NA20510	5	272
NA20511	6	258
NA20512	7	271
NA20513	6	309
NA20514	5	268
NA20515	4	261
NA20516	2	260
NA20517	3	275
NA20518	3	281
NA20519	2	298
NA20520	3	286
NA20521	4	286
NA20522	3	271
NA20524	4	266
NA20525	4	275
NA20527	4	280
NA20528	6	255
NA20529	5	258
NA20530	5	280
NA20531	6	265
NA20532	7	255
NA20533	2	273
NA20534	5	239
NA20535	4	257
NA20536	7	272
NA20538	4	261
NA20539	5	263
NA20540	6	274
NA20541	3	228
NA20542	3	284
NA20543	5	312
NA20544	3	265
NA20581	3	263
NA20582	6	268
NA20585	4	248
NA20586	8	255
NA20587	2	264
NA20588	2	301
NA20589	6	260
NA20752	5	286
NA20753	5	286
NA20754	9	257
NA20755	7	272
NA20756	5	253
NA20757	8	260
NA20758	4	252
NA20759	8	279
NA20760	7	282
NA20761	3	258
NA20762	2	262
NA20763	5	287
NA20764	4	279
NA20765	8	278
NA20766	3	266
NA20767	3	268
NA20768	6	274
NA20769	4	264
NA20770	3	265
NA20771	3	292
NA20772	6	260
NA20773	5	249
NA20774	2	253
NA20775	8	250
NA20778	4	304
NA20783	4	256
NA20785	5	293
NA20786	2	288
NA20787	7	308
NA20790	6	272
NA20792	4	294
NA20795	6	288
NA20796	7	268
NA20797	3	241
NA20798	6	274
NA20799	5	235
NA20800	5	261
NA20801	6	246
NA20802	5	263
NA20803	3	297
NA20804	4	268
NA20805	4	281
NA20806	5	260
NA20807	8	275
NA20808	3	267
NA20809	2	233
NA20810	5	239
NA20811	3	271
NA20812	7	310
NA20813	3	259
NA20814	2	227
NA20815	3	252
NA20818	2	258
NA20819	2	265
NA20821	2	254
NA20822	4	260
NA20826	9	248
NA20827	3	258
NA20828	7	278
NA20832	8	277
NA20845	4	303
NA20846	6	296
NA20847	6	277
NA20849	11	296
NA20850	5	312
NA20851	7	302
NA20852	4	289
NA20853	3	273
NA20854	6	282
NA20856	3	286
NA20858	7	283
NA20859	4	302
NA20861	10	286
NA20862	2	277
NA20863	4	283
NA20864	8	311
NA20866	6	255
NA20867	6	274
NA20868	3	279
NA20869	4	291
NA20870	3	255
NA20872	8	261
NA20874	2	278
NA20875	4	279
NA20876	5	298
NA20877	7	264
NA20878	6	271
NA20881	7	240
NA20882	10	280
NA20884	7	257
NA20885	1	227
NA20886	6	299
NA20887	3	261
NA20888	6	305
NA20889	9	297
NA20890	3	286
NA20891	8	279
NA20892	8	300
NA20894	6	279
NA20895	10	278
NA20896	2	284
NA20897	5	296
NA20899	6	285
NA20900	10	300
NA20901	7	250
NA20902	7	305
NA20903	6	275
NA20904	6	261
NA20905	6	277
NA20906	7	293
NA20908	12	304
NA20910	4	265
NA20911	6	276
NA21086	4	277
NA21087	5	286
NA21088	6	265
NA21089	7	286
NA21090	4	275
NA21091	4	283
NA21092	8	265
NA21093	7	270
NA21094	8	311
NA21095	7	252
NA21097	8	279
NA21098	7	250
NA21099	8	293
NA21100	8	271
NA21101	2	286
NA21102	6	297
NA21103	4	269
NA21104	2	275
NA21105	4	276
NA21106	8	274
NA21107	3	266
NA21108	5	253
NA21109	5	274
NA21110	10	285
NA21111	6	301
NA21112	2	261
NA21113	8	293
NA21114	5	268
NA21115	8	306
NA21116	5	280
NA21117	5	275
NA21118	9	298
NA21119	7	254
NA21120	7	270
NA21122	8	257
NA21123	2	297
NA21124	2	287
NA21125	5	282
NA21126	5	266
NA21127	6	274
NA21128	6	275
NA21129	16	263
NA21130	3	278
NA21133	8	264
NA21135	5	281
NA21137	4	287
NA21141	7	277
NA21142	8	289
NA21143	7	302
NA21144	11	274
